Metric,Value
Cohen's kappa,0.733272015780216
Sensitivity,0.7588235294117647
Specificity,0.9511593487913172
PPV,0.8390243902439024
NPV,0.9216061185468452
Accuracy,0.902844477281123
TP,1032.0
FP,198.0
FN,328.0
TN,3856.0
Total variants,5414.0
