Analysis,k,HR,CI_low,CI_high
FE meta (≥3 events),20,0.8613652293515845,0.7273521508506162,1.0200699310068995
FE meta (≥5 events),18,0.8626958954831401,0.727710968954733,1.022719513425051
FE meta (≥10 events),17,0.8658989521723959,0.7295333792653912,1.0277542010870708
Stratified Cox (primary),20,0.8483878467403972,0.7160986262925695,1.005115653165269
REML RE + Hartung-Knapp,20,0.8613652293515845,0.7190518706544584,1.0318449733822517
